timestamp, amount, name
1737387527,539693373,resolv-s1-9s-fs-usdc
1737392435,539693373,resolv-s1-9s-fs-usdc
1737456299,622070861,resolv-s1-9s-fs-usdc
1737471671,622070861,resolv-s1-9s-fs-usdc
1737478835,622070861,resolv-s1-9s-fs-usdc
1737541847,705623904,resolv-s1-9s-fs-usdc
1737541847,705623904,resolv-s1-9s-fs-usdc
1737541847,705623904,resolv-s1-9s-fs-usdc
1737541847,705623904,resolv-s1-9s-fs-usdc
1737541847,705623904,resolv-s1-9s-fs-usdc
1737555851,705623904,resolv-s1-9s-fs-usdc
1737558035,705623904,resolv-s1-9s-fs-usdc
1737565235,705623904,resolv-s1-9s-fs-usdc
1737644435,789176947,resolv-s1-9s-fs-usdc
1737651647,789176947,resolv-s1-9s-fs-usdc
1737712631,861210104,resolv-s1-9s-fs-usdc
1737722663,861210104,resolv-s1-9s-fs-usdc
1737730847,861210104,resolv-s1-9s-fs-usdc
1737732119,861210104,resolv-s1-9s-fs-usdc
1737738035,861210104,resolv-s1-9s-fs-usdc
1737817235,965406785,resolv-s1-9s-fs-usdc
1737824387,965406785,resolv-s1-9s-fs-usdc
1737903587,1048959828,resolv-s1-9s-fs-usdc
1737910787,1048959828,resolv-s1-9s-fs-usdc
1737964979,1132512871,resolv-s1-9s-fs-usdc
1738073723,1223737383,resolv-s1-9s-fs-usdc
1738075283,1223737383,resolv-s1-9s-fs-usdc
1738076387,1223737383,resolv-s1-9s-fs-usdc
1738083587,1223737383,resolv-s1-9s-fs-usdc
1738156955,1324720559,resolv-s1-9s-fs-usdc
1738162787,1324720559,resolv-s1-9s-fs-usdc
1738169987,1324720559,resolv-s1-9s-fs-usdc
1738249187,1431382437,resolv-s1-9s-fs-usdc
1738256399,1431382437,resolv-s1-9s-fs-usdc
1738330079,1549939757,resolv-s1-9s-fs-usdc
1738331207,1549939757,resolv-s1-9s-fs-usdc
1738335587,1549939757,resolv-s1-9s-fs-usdc
1738342787,1549939757,resolv-s1-9s-fs-usdc
1738421987,1685176497,resolv-s1-9s-fs-usdc
1738429187,1685176497,resolv-s1-9s-fs-usdc
1738508387,1820413237,resolv-s1-9s-fs-usdc
1738515587,1820413237,resolv-s1-9s-fs-usdc
1738523543,1820413237,resolv-s1-9s-fs-usdc
1738568483,1955649977,resolv-s1-9s-fs-usdc
1738570307,1955649977,resolv-s1-9s-fs-usdc
1738587299,1955649977,resolv-s1-9s-fs-usdc
1738588391,1955649977,resolv-s1-9s-fs-usdc
1738593359,1955649977,resolv-s1-9s-fs-usdc
1738594787,1955649977,resolv-s1-9s-fs-usdc
1738601987,1955649977,resolv-s1-9s-fs-usdc
1738608707,1955649977,resolv-s1-9s-fs-usdc
1738681187,2090886717,resolv-s1-9s-fs-usdc
1738688387,2090886717,resolv-s1-9s-fs-usdc
1738767587,2226123457,resolv-s1-9s-fs-usdc
1738776587,2226123457,resolv-s1-9s-fs-usdc
1738783031,2226123457,resolv-s1-9s-fs-usdc
1738853987,2361360197,resolv-s1-9s-fs-usdc
1738940387,2496596937,resolv-s1-9s-fs-usdc
1738941491,2496596937,resolv-s1-9s-fs-usdc
1739026787,2632860715,resolv-s1-9s-fs-usdc
1739035787,2632860715,resolv-s1-9s-fs-usdc
1739113187,2769124493,resolv-s1-9s-fs-usdc
1739120387,2769124493,resolv-s1-9s-fs-usdc
1739177651,2905388271,resolv-s1-9s-fs-usdc
1739199587,2905388271,resolv-s1-9s-fs-usdc
1739211671,2905388271,resolv-s1-9s-fs-usdc
1739285987,3041652049,resolv-s1-9s-fs-usdc
1739352695,3177915827,resolv-s1-9s-fs-usdc
1739372387,3177915827,resolv-s1-9s-fs-usdc
1739395055,3177915827,resolv-s1-9s-fs-usdc
1739395175,3177915827,resolv-s1-9s-fs-usdc
1739462087,3318142261,resolv-s1-9s-fs-usdc
1739467019,3318142261,resolv-s1-9s-fs-usdc
1739545187,3458368695,resolv-s1-9s-fs-usdc
1739552735,3458368695,resolv-s1-9s-fs-usdc
1739631575,3598595129,resolv-s1-9s-fs-usdc
1739633327,3598595129,resolv-s1-9s-fs-usdc
1739643359,3598595129,resolv-s1-9s-fs-usdc
1739725427,3817423312,resolv-s1-9s-fs-usdc
1739784263,4036251495,resolv-s1-9s-fs-usdc
1739784263,4036251495,resolv-s1-9s-fs-usdc
1739787707,4036251495,resolv-s1-9s-fs-usdc
1739788187,4036251495,resolv-s1-9s-fs-usdc
1739789771,4036251495,resolv-s1-9s-fs-usdc
1739791547,4036251495,resolv-s1-9s-fs-usdc
1739804387,4036251495,resolv-s1-9s-fs-usdc
1739813495,4036251495,resolv-s1-9s-fs-usdc
1739890787,4064945748,resolv-s1-9s-fs-usdc
1739898443,4064945748,resolv-s1-9s-fs-usdc
1739953199,4091450481,resolv-s1-9s-fs-usdc
1739977187,4091450481,resolv-s1-9s-fs-usdc
1740063587,4230711717,resolv-s1-9s-fs-usdc
1740149987,4369972952,resolv-s1-9s-fs-usdc
1740236387,4509234188,resolv-s1-9s-fs-usdc
1740322787,4648495423,resolv-s1-9s-fs-usdc
1740409187,4787756659,resolv-s1-9s-fs-usdc
1740495587,4927017895,resolv-s1-9s-fs-usdc
1740581987,5066279130,resolv-s1-9s-fs-usdc
1740668387,5205540366,resolv-s1-9s-fs-usdc
1740754787,5344801602,resolv-s1-9s-fs-usdc
1740841187,5484062837,resolv-s1-9s-fs-usdc
1740927587,5623324073,resolv-s1-9s-fs-usdc
1741013987,5762585308,resolv-s1-9s-fs-usdc
1741100387,5901846544,resolv-s1-9s-fs-usdc
1741186787,6041107780,resolv-s1-9s-fs-usdc
1741273187,6180369015,resolv-s1-9s-fs-usdc
1741359587,6319630251,resolv-s1-9s-fs-usdc
1741445987,6458891486,resolv-s1-9s-fs-usdc
1741532387,6598152722,resolv-s1-9s-fs-usdc
1741618787,6737413958,resolv-s1-9s-fs-usdc
1741705187,6876675193,resolv-s1-9s-fs-usdc
1741791587,7015936429,resolv-s1-9s-fs-usdc
1741877987,7155197665,resolv-s1-9s-fs-usdc
1741964387,7294458900,resolv-s1-9s-fs-usdc
1742050787,7433720136,resolv-s1-9s-fs-usdc
1742137187,7572981371,resolv-s1-9s-fs-usdc
1742223587,7712242607,resolv-s1-9s-fs-usdc
1742309987,7851503843,resolv-s1-9s-fs-usdc
1742396387,7990765078,resolv-s1-9s-fs-usdc
1742482787,8130026314,resolv-s1-9s-fs-usdc
1742569187,8269287549,resolv-s1-9s-fs-usdc
1742655587,8408548785,resolv-s1-9s-fs-usdc
1742741987,8547810021,resolv-s1-9s-fs-usdc
1742828387,8687071256,resolv-s1-9s-fs-usdc
1742914787,8826332492,resolv-s1-9s-fs-usdc
1743001187,8965593728,resolv-s1-9s-fs-usdc
1743087587,9104854963,resolv-s1-9s-fs-usdc
1743173987,9244116199,resolv-s1-9s-fs-usdc
1743260387,9383377434,resolv-s1-9s-fs-usdc
1743346787,9522638670,resolv-s1-9s-fs-usdc
1743433187,9661899906,resolv-s1-9s-fs-usdc
1743519587,9801161141,resolv-s1-9s-fs-usdc
1743605987,9940422377,resolv-s1-9s-fs-usdc
1743692387,10079683612,resolv-s1-9s-fs-usdc
1743778787,10218944848,resolv-s1-9s-fs-usdc
1743865187,10358206084,resolv-s1-9s-fs-usdc
1743951587,10497467319,resolv-s1-9s-fs-usdc
1744037987,10636728555,resolv-s1-9s-fs-usdc
1744124387,10775989791,resolv-s1-9s-fs-usdc
1744127987,10781792342,resolv-s1-9s-fs-usdc
1744192727,10949550771,resolv-s1-9s-fs-usdc
1744207067,10949550771,resolv-s1-9s-fs-usdc
1744211819,10949550771,resolv-s1-9s-fs-usdc
1744212479,10949550771,resolv-s1-9s-fs-usdc
1744212479,10949550771,resolv-s1-9s-fs-usdc
1744214387,10949550771,resolv-s1-9s-fs-usdc
1744215143,10949550771,resolv-s1-9s-fs-usdc
1744215743,10949550771,resolv-s1-9s-fs-usdc
1744216043,10949550771,resolv-s1-9s-fs-usdc
1744216679,10949550771,resolv-s1-9s-fs-usdc
1744216895,10949550771,resolv-s1-9s-fs-usdc
1744216919,10949550771,resolv-s1-9s-fs-usdc
1744219175,10949550771,resolv-s1-9s-fs-usdc
1744219187,10949550771,resolv-s1-9s-fs-usdc
1744219223,10949550771,resolv-s1-9s-fs-usdc
1744219223,10949550771,resolv-s1-9s-fs-usdc
1744219223,10949550771,resolv-s1-9s-fs-usdc
1744219235,10949550771,resolv-s1-9s-fs-usdc
1744293479,11116886833,resolv-s1-9s-fs-usdc
1744298327,11116886833,resolv-s1-9s-fs-usdc
1744300787,11116886833,resolv-s1-9s-fs-usdc
1744351571,11284222895,resolv-s1-9s-fs-usdc
1744352627,11284222895,resolv-s1-9s-fs-usdc
1744353131,11284222895,resolv-s1-9s-fs-usdc
1744379987,11284222895,resolv-s1-9s-fs-usdc
1744387187,11284222895,resolv-s1-9s-fs-usdc
1744466387,11449413363,resolv-s1-9s-fs-usdc
1744473587,11449413363,resolv-s1-9s-fs-usdc
1744552787,11614603830,resolv-s1-9s-fs-usdc
1744559987,11614603830,resolv-s1-9s-fs-usdc
1744639187,11779794297,resolv-s1-9s-fs-usdc
1744646387,11779794297,resolv-s1-9s-fs-usdc
1744698971,11919915174,resolv-s1-9s-fs-usdc
1744699127,11919915174,resolv-s1-9s-fs-usdc
1744711511,11919915174,resolv-s1-9s-fs-usdc
1744725587,11919915174,resolv-s1-9s-fs-usdc
1744732787,11919915174,resolv-s1-9s-fs-usdc
1744819187,12083854907,resolv-s1-9s-fs-usdc
1744844291,12083854907,resolv-s1-9s-fs-usdc
1744898087,12247794639,resolv-s1-9s-fs-usdc
1744905587,12247794639,resolv-s1-9s-fs-usdc
1744984787,12382644668,resolv-s1-9s-fs-usdc
1744991987,12382644668,resolv-s1-9s-fs-usdc
1745061515,12517494697,resolv-s1-9s-fs-usdc
1745071139,12517494697,resolv-s1-9s-fs-usdc
1745078387,12517494697,resolv-s1-9s-fs-usdc
1745157599,12652344724,resolv-s1-9s-fs-usdc
1745164787,12652344724,resolv-s1-9s-fs-usdc
1745243987,12787194754,resolv-s1-9s-fs-usdc
1745251187,12787194754,resolv-s1-9s-fs-usdc
1745330387,12922044784,resolv-s1-9s-fs-usdc
1745337443,12922044784,resolv-s1-9s-fs-usdc
1745391623,13033130419,resolv-s1-9s-fs-usdc
1745416787,13033130419,resolv-s1-9s-fs-usdc
1745423987,13033130419,resolv-s1-9s-fs-usdc
1745424359,13033130419,resolv-s1-9s-fs-usdc
1745503187,13124291827,resolv-s1-9s-fs-usdc
1745510387,13124291827,resolv-s1-9s-fs-usdc
1745591831,13215453235,resolv-s1-9s-fs-usdc
1745596787,13215453235,resolv-s1-9s-fs-usdc
1745599667,13215453235,resolv-s1-9s-fs-usdc
1745600771,13215453235,resolv-s1-9s-fs-usdc
1745609723,13215453235,resolv-s1-9s-fs-usdc
1745610635,13215453235,resolv-s1-9s-fs-usdc
1745611787,13215453235,resolv-s1-9s-fs-usdc
1745675987,13306614641,resolv-s1-9s-fs-usdc
1745683187,13306614641,resolv-s1-9s-fs-usdc
1745738471,13397776049,resolv-s1-9s-fs-usdc
1745762387,13397776049,resolv-s1-9s-fs-usdc
1745769587,13397776049,resolv-s1-9s-fs-usdc
1746202427,13853583086,resolv-s1-9s-fs-usdc
1746280787,13944744494,resolv-s1-9s-fs-usdc
1746287987,13944744494,resolv-s1-9s-fs-usdc
1746367187,14035905900,resolv-s1-9s-fs-usdc
1746374387,14035905900,resolv-s1-9s-fs-usdc
1746420155,14127067308,resolv-s1-9s-fs-usdc
1746433595,14127067308,resolv-s1-9s-fs-usdc
1746445019,14127067308,resolv-s1-9s-fs-usdc
1746453587,14127067308,resolv-s1-9s-fs-usdc
1746460787,14127067308,resolv-s1-9s-fs-usdc
1746539987,14218228716,resolv-s1-9s-fs-usdc
1746547187,14218228716,resolv-s1-9s-fs-usdc
1746626387,14309390123,resolv-s1-9s-fs-usdc
1746633587,14309390123,resolv-s1-9s-fs-usdc
1746712775,14400551531,resolv-s1-9s-fs-usdc
1746717827,14400551531,resolv-s1-9s-fs-usdc
1746717983,14400551531,resolv-s1-9s-fs-usdc
1746719987,14400551531,resolv-s1-9s-fs-usdc
1746778451,14491712937,resolv-s1-9s-fs-usdc
1746780599,14491712937,resolv-s1-9s-fs-usdc
1746785363,14491712937,resolv-s1-9s-fs-usdc